Tags,Vendor,Title,Handle,Body (HTML),Variant Price,Length,Length Unit,Width,Width Unit,Thickness,Thickness Unit,Variant Weight,Variant Weight Unit,URL,Page,Category,Image Src,Image Position
"""Hardware,Fasteners,Screws,Deck Screws,Wood Deck Screws""",DECKMATE,#9 x 3 in. Star Flat-Head Wood Deck Screw 5 lbs.-Box (365-Piece),9-x-3-in-star-flat-head-wood-deck-screw-5-lbs-box-(365-piece),"<div class=""sui-flex sui-flex-col sui-gap-4""><ul class=""sui-w-full sui-list-disc sui-px-6 sui-flex sui-flex-col sui-gap-2"" data-testid=""bullet-list""><li data-testid=""bullet-list-item""><span>Star flat-head wood screws for decking and fencing</span></li><li data-testid=""bullet-list-item""><span>Drive into wood using the included Torx bit</span></li><li data-testid=""bullet-list-item""><span>Tan ceramic-coated steel offers reliable durability</span></li></ul><span class=""sui-mt-8""><h5 class=""sui-h5-bold sui-line-clamp-unset sui-text-primary"">About This Product</h5></span><p>""Construct firm fences and decks with this pack of Deck Mate flat-head wood screws. The star head and the self-drilling design provide a fast drive while minimizing camout, while the ACQ-rated tan ceramic coating resists rust and corrosion for long-lasting durability. A reinforced neck helps prevent the head from bending or snapping when working with hardwoods. These Deck Mate flat-head wood screws include a Torx bit for easy installation, and the steel material offers dependable strength.""</p></div><ul class=""sui-w-full sui-list-disc sui-px-6 sui-flex sui-flex-col sui-gap-2 sui-mt-4"" data-testid=""bullet-list""><li data-testid=""bullet-list-item""><span>Perfect for building decks and wooden fences </span></li><li data-testid=""bullet-list-item""><span>Star drive helps minimize camout for easy installation </span></li><li data-testid=""bullet-list-item""><span>Each flat-head screw measures 1 in. L </span></li><li data-testid=""bullet-list-item""><span>Steel with a tan ceramic finish </span></li><li data-testid=""bullet-list-item""><span>Compatible with Torx bits and screwdrivers</span></li><li data-testid=""bullet-list-item""><a href=""https://www.homedepot.com/c/Return_Policy"" class=""sui-font-regular sui-text-base sui-tracking-normal sui-normal-case sui-line-clamp-unset sui-text-primary focus-visible:sui-bg-focus focus-visible:sui-outline-none sui-underline"">Return Policy</a></li><li data-testid=""bullet-list-item""><div class=""sui-flex sui-flex-row""><div>California residents</div>&nbsp;<div><a class=""sui-font-regular sui-text-base sui-tracking-normal sui-normal-case sui-line-clamp-unset sui-text-primary focus-visible:sui-bg-focus focus-visible:sui-outline-none sui-underline"">see Prop 65 WARNINGS</a></div></div></li></ul><div class=""sui-flex sui-flex-col sui-gap-2 sui-my-4"" data-testid=""productInfo""><span><span>Product ID #:</span> 306587120</span><span><span>Internet #:</span> 038902169556</span><span><span>Model #:</span> 115985</span></div>",35.57,,undefined,,undefined,,undefined,5,lb,https://www.homedepot.com/p/DECKMATE-9-x-3-in-Star-Flat-Head-Wood-Deck-Screw-5-lbs-Box-365-Piece-115985/306587120,1,https://www.homedepot.com/b/Hardware-Fasteners/N-5yc1vZc255?catStyle=ShowProducts&sortorder=desc&sortby=topsellers,https://images.thdstatic.com/productImages/4995e7fd-7e64-40f6-90a5-b07481ede14c/svn/deckmate-deck-screws-115985-64_600.jpg,1
undefined,undefined,undefined,9-x-3-in-star-flat-head-wood-deck-screw-5-lbs-box-(365-piece),undefined,undefined,undefined,undefined,undefined,undefined,undefined,undefined,undefined,undefined,undefined,undefined,undefined,https://images.thdstatic.com/productImages/3942904e-85b3-4a96-8729-35d1bdb848a2/svn/deckmate-deck-screws-115985-e1_600.jpg,2
undefined,undefined,undefined,9-x-3-in-star-flat-head-wood-deck-screw-5-lbs-box-(365-piece),undefined,undefined,undefined,undefined,undefined,undefined,undefined,undefined,undefined,undefined,undefined,undefined,undefined,https://cf-images.us-east-1.prod.boltdns.net/v1/static/1834613806001/235c2eda-531e-4d16-88b5-78349ad8b4d3/c43275e4-cf28-446a-85eb-33b526050ed2/480x360/match/image.jpg?pubId=66036796001,3
undefined,undefined,undefined,9-x-3-in-star-flat-head-wood-deck-screw-5-lbs-box-(365-piece),undefined,undefined,undefined,undefined,undefined,undefined,undefined,undefined,undefined,undefined,undefined,undefined,undefined,https://cf-images.us-east-1.prod.boltdns.net/v1/static/1834613806001/235c2eda-531e-4d16-88b5-78349ad8b4d3/c43275e4-cf28-446a-85eb-33b526050ed2/480x360/match/image.jpg?pubId=66036796001,4
undefined,undefined,undefined,9-x-3-in-star-flat-head-wood-deck-screw-5-lbs-box-(365-piece),undefined,undefined,undefined,undefined,undefined,undefined,undefined,undefined,undefined,undefined,undefined,undefined,undefined,https://cf-images.us-east-1.prod.boltdns.net/v1/static/1834613806001/235c2eda-531e-4d16-88b5-78349ad8b4d3/c43275e4-cf28-446a-85eb-33b526050ed2/480x360/match/image.jpg?pubId=66036796001,5
undefined,undefined,undefined,9-x-3-in-star-flat-head-wood-deck-screw-5-lbs-box-(365-piece),undefined,undefined,undefined,undefined,undefined,undefined,undefined,undefined,undefined,undefined,undefined,undefined,undefined,https://cf-images.us-east-1.prod.boltdns.net/v1/static/1834613806001/235c2eda-531e-4d16-88b5-78349ad8b4d3/c43275e4-cf28-446a-85eb-33b526050ed2/480x360/match/image.jpg?pubId=66036796001,6
"""Hardware,Fasteners,Collated Fasteners,Collated Roofing Nails""",Grip-Rite,Grip Rite 1-1/4 in. Smooth Galvanized Coil Roofing Nails (7200-Pack),grip-rite-1-14-in-smooth-galvanized-coil-roofing-nails-(7200-pack),"<div class=""sui-flex sui-flex-col sui-gap-4""><ul class=""sui-w-full sui-list-disc sui-px-6 sui-flex sui-flex-col sui-gap-2"" data-testid=""bullet-list""><li data-testid=""bullet-list-item""><span>Coil roofing nails used for attaching shingles to roofs</span></li><li data-testid=""bullet-list-item""><span>Electro-galvanized, wide head aids holding, reduces pull-through</span></li><li data-testid=""bullet-list-item""><span>Galvanized to resist rust and weathering (7200-Pack)</span></li></ul><span class=""sui-mt-8""><h5 class=""sui-h5-bold sui-line-clamp-unset sui-text-primary"">About This Product</h5></span><p>Use Grip-Rite Coil Roofing Nails with most power nailers when fastening shingles to roofs. The package contains 7,200 wire-collated galvanized steel nails that are resistant to weathering and rust. All Grip-Rite collated nails are backed by the Grip-Rite Jam Free Gurantee.</p></div><ul class=""sui-w-full sui-list-disc sui-px-6 sui-flex sui-flex-col sui-gap-2 sui-mt-4"" data-testid=""bullet-list""><li data-testid=""bullet-list-item""><span>Use for attaching shingles to roofs</span></li><li data-testid=""bullet-list-item""><span>Steel nails collated with wire</span></li><li data-testid=""bullet-list-item""><span>Galvanized to resist rust and weathering</span></li><li data-testid=""bullet-list-item""><span>1-1/4 in. L</span></li><li data-testid=""bullet-list-item""><span>For use with your power nailer</span></li><li data-testid=""bullet-list-item""><span>Includes 7,200 nails</span></li><li data-testid=""bullet-list-item""><a href=""https://www.homedepot.com/c/Return_Policy"" class=""sui-font-regular sui-text-base sui-tracking-normal sui-normal-case sui-line-clamp-unset sui-text-primary focus-visible:sui-bg-focus focus-visible:sui-outline-none sui-underline"">Return Policy</a></li></ul><div class=""sui-flex sui-flex-col sui-gap-2 sui-my-4"" data-testid=""productInfo""><span><span>Product ID #:</span> 100394342</span><span><span>Internet #:</span> 764666993570</span><span><span>Model #:</span> GRCR3DGAL</span></div>",49.98,undefined,undefined,undefined,undefined,undefined,undefined,undefined,undefined,https://www.homedepot.com/p/Grip-Rite-Grip-Rite-1-1-4-in-Smooth-Galvanized-Coil-Roofing-Nails-7200-Pack-GRCR3DGAL/100394342,1,https://www.homedepot.com/b/Hardware-Fasteners/N-5yc1vZc255?catStyle=ShowProducts&sortorder=desc&sortby=topsellers,https://images.thdstatic.com/productImages/70917f6d-2c26-468e-96ee-3734b688797d/svn/grip-rite-collated-roofing-nails-grcr3dgal-64_600.jpg,1
undefined,undefined,undefined,grip-rite-1-14-in-smooth-galvanized-coil-roofing-nails-(7200-pack),undefined,undefined,undefined,undefined,undefined,undefined,undefined,undefined,undefined,undefined,undefined,undefined,undefined,https://images.thdstatic.com/productImages/fe971293-1929-4745-8012-60416c216ef9/svn/grip-rite-collated-roofing-nails-grcr3dgal-e1_600.jpg,2
undefined,undefined,undefined,grip-rite-1-14-in-smooth-galvanized-coil-roofing-nails-(7200-pack),undefined,undefined,undefined,undefined,undefined,undefined,undefined,undefined,undefined,undefined,undefined,undefined,undefined,https://images.thdstatic.com/productImages/4b3fd28b-d00c-423d-b7e5-5af79d2cf5ca/svn/grip-rite-collated-roofing-nails-grcr3dgal-40_600.jpg,3
undefined,undefined,undefined,grip-rite-1-14-in-smooth-galvanized-coil-roofing-nails-(7200-pack),undefined,undefined,undefined,undefined,undefined,undefined,undefined,undefined,undefined,undefined,undefined,undefined,undefined,https://images.thdstatic.com/productImages/dd2c5129-ee55-4a4c-9b1a-1b5d004b0c1f/svn/grip-rite-collated-roofing-nails-grcr3dgal-1d_600.jpg,4
undefined,undefined,undefined,grip-rite-1-14-in-smooth-galvanized-coil-roofing-nails-(7200-pack),undefined,undefined,undefined,undefined,undefined,undefined,undefined,undefined,undefined,undefined,undefined,undefined,undefined,https://images.thdstatic.com/productImages/68df9864-0144-452e-8b4f-970ce54c0304/svn/grip-rite-collated-roofing-nails-grcr3dgal-c3_600.jpg,5
undefined,undefined,undefined,grip-rite-1-14-in-smooth-galvanized-coil-roofing-nails-(7200-pack),undefined,undefined,undefined,undefined,undefined,undefined,undefined,undefined,undefined,undefined,undefined,undefined,undefined,https://images.thdstatic.com/productImages/93353dbd-5f54-4f3f-b55c-6651d3c085f0/svn/grip-rite-collated-roofing-nails-grcr3dgal-4f_600.jpg,6
"""Hardware,Fasteners,Screws,Drywall Screws""",Grip-Rite,#6 x 1-1/4 in. Philips Bugle-Head Coarse Thread Sharp Point Drywall Screws (1 lb./Pack),6-x-1-14-in-philips-bugle-head-coarse-thread-sharp-point-drywall-screws-(1-lb-pack),"<div class=""sui-flex sui-flex-col sui-gap-4""><ul class=""sui-w-full sui-list-disc sui-px-6 sui-flex sui-flex-col sui-gap-2"" data-testid=""bullet-list""><li data-testid=""bullet-list-item""><span>For attaching drywall to wood studs</span></li><li data-testid=""bullet-list-item""><span>General interior wood application</span></li><li data-testid=""bullet-list-item""><span>Phosphate coated for improved paint and mud adhesion</span></li></ul><span class=""sui-mt-8""><h5 class=""sui-h5-bold sui-line-clamp-unset sui-text-primary"">About This Product</h5></span><p>For the most comprehensive selection of nails and screws, look for Grip-Rite, the most popular brand of fasteners in America. No matter what the project or what size the job; Grip-Rite has the optimal fastening solution. There are many sizes and styles of nails available. As construction materials and techniques evolve, fastener design keeps pace with the Changing technology. Fastener needs vary from project to project and the safety and life expectancy of the project can be extended or compromised based upon the fastener used. Fasteners have been designed to meet the special needs of projects such as roofing or drywall and in many cases are known by the application for which they are intended.</p></div><ul class=""sui-w-full sui-list-disc sui-px-6 sui-flex sui-flex-col sui-gap-2 sui-mt-4"" data-testid=""bullet-list""><li data-testid=""bullet-list-item""><span>For attaching drywall to wood studs</span></li><li data-testid=""bullet-list-item""><span>Phosphate plated</span></li><li data-testid=""bullet-list-item""><span>Steel construction</span></li><li data-testid=""bullet-list-item""><span>Made to conform to ASTM C1003</span></li><li data-testid=""bullet-list-item""><span>Get everything you need to <a href=""https://www.homedepot.com/b/Featured-Products-Complete-Your-Drywall-Project/N-5yc1vZ2fkov39"" target=""_blank"" style=""color:#F96302;"">complete your drywall project</a></span></li><li data-testid=""bullet-list-item""><a href=""https://www.homedepot.com/c/Return_Policy"" class=""sui-font-regular sui-text-base sui-tracking-normal sui-normal-case sui-line-clamp-unset sui-text-primary focus-visible:sui-bg-focus focus-visible:sui-outline-none sui-underline"">Return Policy</a></li><li data-testid=""bullet-list-item""><div class=""sui-flex sui-flex-row""><div>California residents</div>&nbsp;<div><a class=""sui-font-regular sui-text-base sui-tracking-normal sui-normal-case sui-line-clamp-unset sui-text-primary focus-visible:sui-bg-focus focus-visible:sui-outline-none sui-underline"">see Prop 65 WARNINGS</a></div></div></li></ul><div class=""sui-flex sui-flex-col sui-gap-2 sui-my-4"" data-testid=""productInfo""><span><span>Product ID #:</span> 100152392</span><span><span>Internet #:</span> 764666103016</span><span><span>Model #:</span> 114CDWS1</span></div>",7.28,,undefined,,undefined,,undefined,1,lb,https://www.homedepot.com/p/Grip-Rite-6-x-1-1-4-in-Philips-Bugle-Head-Coarse-Thread-Sharp-Point-Drywall-Screws-1-lb-Pack-114CDWS1/100152392,1,https://www.homedepot.com/b/Hardware-Fasteners/N-5yc1vZc255?catStyle=ShowProducts&sortorder=desc&sortby=topsellers,https://images.thdstatic.com/productImages/d23f947c-3a0e-4035-a40e-017116219ebd/svn/grip-rite-drywall-screws-114cdws1-64_600.jpg,1
undefined,undefined,undefined,6-x-1-14-in-philips-bugle-head-coarse-thread-sharp-point-drywall-screws-(1-lb-pack),undefined,undefined,undefined,undefined,undefined,undefined,undefined,undefined,undefined,undefined,undefined,undefined,undefined,https://images.thdstatic.com/productImages/74fc4971-bc31-4cd8-bb5b-12c15a8565c7/svn/grip-rite-drywall-screws-114cdws1-e1_600.jpg,2
undefined,undefined,undefined,6-x-1-14-in-philips-bugle-head-coarse-thread-sharp-point-drywall-screws-(1-lb-pack),undefined,undefined,undefined,undefined,undefined,undefined,undefined,undefined,undefined,undefined,undefined,undefined,undefined,https://cf-images.us-east-1.prod.boltdns.net/v1/jit/66036796001/281bae34-db7f-4979-a34f-3df11ca6e1a3/main/1280x720/46s965ms/match/image.jpg,3
undefined,undefined,undefined,6-x-1-14-in-philips-bugle-head-coarse-thread-sharp-point-drywall-screws-(1-lb-pack),undefined,undefined,undefined,undefined,undefined,undefined,undefined,undefined,undefined,undefined,undefined,undefined,undefined,https://cf-images.us-east-1.prod.boltdns.net/v1/jit/66036796001/281bae34-db7f-4979-a34f-3df11ca6e1a3/main/1280x720/46s965ms/match/image.jpg,4
undefined,undefined,undefined,6-x-1-14-in-philips-bugle-head-coarse-thread-sharp-point-drywall-screws-(1-lb-pack),undefined,undefined,undefined,undefined,undefined,undefined,undefined,undefined,undefined,undefined,undefined,undefined,undefined,https://cf-images.us-east-1.prod.boltdns.net/v1/jit/66036796001/281bae34-db7f-4979-a34f-3df11ca6e1a3/main/1280x720/46s965ms/match/image.jpg,5
undefined,undefined,undefined,6-x-1-14-in-philips-bugle-head-coarse-thread-sharp-point-drywall-screws-(1-lb-pack),undefined,undefined,undefined,undefined,undefined,undefined,undefined,undefined,undefined,undefined,undefined,undefined,undefined,https://cf-images.us-east-1.prod.boltdns.net/v1/jit/66036796001/281bae34-db7f-4979-a34f-3df11ca6e1a3/main/1280x720/46s965ms/match/image.jpg,6
"""Hardware,Fasteners,Collated Fasteners,Collated Framing Nails""",Paslode,3 in. x 0.120-Gauge 30-Degree Brite Smooth Shank Paper Tape Framing Nails (2500 per Box),3-in-x-0120-gauge-30-degree-brite-smooth-shank-paper-tape-framing-nails-(2500-per-box),"<div class=""sui-flex sui-flex-col sui-gap-4""><ul class=""sui-w-full sui-list-disc sui-px-6 sui-flex sui-flex-col sui-gap-2"" data-testid=""bullet-list""><li data-testid=""bullet-list-item""><span>Paslode 30° nails drive flush into harder woods</span></li><li data-testid=""bullet-list-item""><span>Drives up to 40% easier to increase job site efficiency</span></li><li data-testid=""bullet-list-item""><span>More productivity - fewer jams, fewer misfires</span></li></ul><span class=""sui-mt-8""><h5 class=""sui-h5-bold sui-line-clamp-unset sui-text-primary"">About This Product</h5></span><p>Paslode Brite 3 in. x 0.131-Gauge 30-degree Framing Nails are designed and manufactured to match the specs of Paslode framing nailers so your nailer will run smooth, with fewer jams and misfires. Nails drive flush even into the harder woods and LVL's. To experience non-stop nailing, use Paslode Brite Framing nails for interior framing jobs.</p></div><ul class=""sui-w-full sui-list-disc sui-px-6 sui-flex sui-flex-col sui-gap-2 sui-mt-4"" data-testid=""bullet-list""><li data-testid=""bullet-list-item""><span>Use with Paslode 30-degree framing nailers for interior framing jobs</span></li><li data-testid=""bullet-list-item""><span>Special tip coating for more holding power</span></li><li data-testid=""bullet-list-item""><span>Code compliant: ICC ES-3072 - no project delays from failed inspections</span></li><li data-testid=""bullet-list-item""><span>Paslode 30-degree paper tape framing nails are available in 2-3/8 in. to 3-1/4 in. lengths; 0.113 in. to 0.131 in. shank diameters</span></li><li data-testid=""bullet-list-item""><span>Reinforced round head design for better drive performance in the hardest materials</span></li><li data-testid=""bullet-list-item""><span>Paper tape collation resists breaking when dropped - no job site debris to clean up</span></li><li data-testid=""bullet-list-item""><span>10% more nails per strip means more time working, less time reloading</span></li><li data-testid=""bullet-list-item""><a href=""https://www.homedepot.com/c/Return_Policy"" class=""sui-font-regular sui-text-base sui-tracking-normal sui-normal-case sui-line-clamp-unset sui-text-primary focus-visible:sui-bg-focus focus-visible:sui-outline-none sui-underline"">Return Policy</a></li></ul><div class=""sui-flex sui-flex-col sui-gap-2 sui-my-4"" data-testid=""productInfo""><span><span>Product ID #:</span> 204362426</span><span><span>Internet #:</span> 759501114586</span><span><span>Model #:</span> 650836</span></div>",69.48,3,in,9.5,in,,undefined,22.96,lb,https://www.homedepot.com/p/Paslode-3-in-x-0-120-Gauge-30-Degree-Brite-Smooth-Shank-Paper-Tape-Framing-Nails-2500-per-Box-650836/204362426,1,https://www.homedepot.com/b/Hardware-Fasteners/N-5yc1vZc255?catStyle=ShowProducts&sortorder=desc&sortby=topsellers,https://images.thdstatic.com/productImages/ff1e928c-4279-45ac-ac42-530d37949d93/svn/paslode-collated-framing-nails-650836-64_600.jpg,1
undefined,undefined,undefined,3-in-x-0120-gauge-30-degree-brite-smooth-shank-paper-tape-framing-nails-(2500-per-box),undefined,undefined,undefined,undefined,undefined,undefined,undefined,undefined,undefined,undefined,undefined,undefined,undefined,https://images.thdstatic.com/productImages/b0fae082-2abb-42d2-99e3-ccde890b728b/svn/paslode-collated-framing-nails-650836-e1_600.jpg,2
undefined,undefined,undefined,3-in-x-0120-gauge-30-degree-brite-smooth-shank-paper-tape-framing-nails-(2500-per-box),undefined,undefined,undefined,undefined,undefined,undefined,undefined,undefined,undefined,undefined,undefined,undefined,undefined,https://images.thdstatic.com/productImages/3638abc6-048b-4ef0-b8de-56066b88db2f/svn/paslode-collated-framing-nails-650836-40_600.jpg,3
undefined,undefined,undefined,3-in-x-0120-gauge-30-degree-brite-smooth-shank-paper-tape-framing-nails-(2500-per-box),undefined,undefined,undefined,undefined,undefined,undefined,undefined,undefined,undefined,undefined,undefined,undefined,undefined,https://images.thdstatic.com/productImages/0470ede8-5498-446f-80e2-29b2a6504b17/svn/paslode-collated-framing-nails-650836-a0_600.jpg,4
undefined,undefined,undefined,3-in-x-0120-gauge-30-degree-brite-smooth-shank-paper-tape-framing-nails-(2500-per-box),undefined,undefined,undefined,undefined,undefined,undefined,undefined,undefined,undefined,undefined,undefined,undefined,undefined,https://images.thdstatic.com/productImages/f2c2abb3-7cd6-4f8b-951e-3b41e370077c/svn/paslode-collated-framing-nails-650836-1d_600.jpg,5
undefined,undefined,undefined,3-in-x-0120-gauge-30-degree-brite-smooth-shank-paper-tape-framing-nails-(2500-per-box),undefined,undefined,undefined,undefined,undefined,undefined,undefined,undefined,undefined,undefined,undefined,undefined,undefined,https://images.thdstatic.com/productImages/e0ada8b0-4a82-471e-b594-9700eea057ef/svn/paslode-collated-framing-nails-650836-66_600.jpg,6
"""Hardware,Fasteners,Screws,Wood Screws""",Simpson Strong-Tie,"#9 x 1-1/2 in. 1/4-Hex Drive, Strong-Drive SD Connector Screw (100-Pack)",9-x-1-12-in-14-hex-drive-strong-drive-sd-connector-screw-(100-pack),"<div class=""sui-flex sui-flex-col sui-gap-4""><ul class=""sui-w-full sui-list-disc sui-px-6 sui-flex sui-flex-col sui-gap-2"" data-testid=""bullet-list""><li data-testid=""bullet-list-item""><span>Global leader in structural construction products since 1956</span></li><li data-testid=""bullet-list-item""><span>Products designed and tested for strength and easy installation</span></li><li data-testid=""bullet-list-item""><span>Diverse product line trusted by Pros and DIYers alike</span></li></ul><span class=""sui-mt-8""><h5 class=""sui-h5-bold sui-line-clamp-unset sui-text-primary"">About This Product</h5></span><p>The Strong-Drive SD Connector screw is specifically designed to replace nails in certain Simpson Strong-Tie connectors and is the only screw approved for that application. The load-rated SD screw has been tested and approved for use in many popular Simpson Strong-Tie products. In certain applications screws are easier and more convenient to install than nails, and the single-fastener load values achieved by the SD screw exceed those of typical 10d common or 16d common nails. In addition, the galvanized coating makes the SD screw ideal for interior and most exterior conditions.</p></div><ul class=""sui-w-full sui-list-disc sui-px-6 sui-flex sui-flex-col sui-gap-2 sui-mt-4"" data-testid=""bullet-list""><li data-testid=""bullet-list-item""><span>Tested and approved for use in many of Simpson Strong-Tie's best-selling connectors for both interior and most exterior applications</span></li><li data-testid=""bullet-list-item""><span>Ideal for use in connector applications where more control is desired or using a hammer is inconvenient</span></li><li data-testid=""bullet-list-item""><span>1/4-in hex head with 0.37-in diameter integrated washer reduces cam-out and is stamped with the Simpson Strong-Tie ""≠"" sign and the fastener size for easy identification after installation</span></li><li data-testid=""bullet-list-item""><span>Shank is specifically designed to match the fastener holes in Simpson Strong-Tie connectors</span></li><li data-testid=""bullet-list-item""><span>Optimized heat treating for ductility and strength</span></li><li data-testid=""bullet-list-item""><span>Size: #9 x 1-1/2 in.</span></li><li data-testid=""bullet-list-item""><span>Hex driver included</span></li><li data-testid=""bullet-list-item""><span>Mechanically galvanized, Class 55 coating meets the requirements for use in preservative-treated and fire-retardant-treated wood per the 2012 and 215 IRC</span></li><li data-testid=""bullet-list-item""><span>Quantity: 100</span></li><li data-testid=""bullet-list-item""><span>Common project applications: remodeling, fencing, storage, cabinets, framing</span></li><li data-testid=""bullet-list-item""><span><a href=""https://www.homedepot.com/b/Building-Materials-Building-Hardware/Simpson-Strong-Tie/N-5yc1vZaqzsZ615"" target=""_blank"" style=""color:#F96302;"">Shop all Simpson Strong-Tie here.</a></span></li><li data-testid=""bullet-list-item""><a href=""https://www.homedepot.com/c/Return_Policy"" class=""sui-font-regular sui-text-base sui-tracking-normal sui-normal-case sui-line-clamp-unset sui-text-primary focus-visible:sui-bg-focus focus-visible:sui-outline-none sui-underline"">Return Policy</a></li></ul><div class=""sui-flex sui-flex-col sui-gap-2 sui-my-4"" data-testid=""productInfo""><span><span>Product ID #:</span> 202071152</span><span><span>Internet #:</span> 707392977001</span><span><span>Model #:</span> SD9112R100</span></div>",14.24,,undefined,,undefined,,undefined,0.9,lb,https://www.homedepot.com/p/Simpson-Strong-Tie-9-x-1-1-2-in-1-4-Hex-Drive-Strong-Drive-SD-Connector-Screw-100-Pack-SD9112R100/202071152,1,https://www.homedepot.com/b/Hardware-Fasteners/N-5yc1vZc255?catStyle=ShowProducts&sortorder=desc&sortby=topsellers,https://images.thdstatic.com/productImages/241e8e2b-e65f-4422-bbad-d6737982bec3/svn/simpson-strong-tie-wood-screws-sd9112r100-64_600.jpg,1
undefined,undefined,undefined,9-x-1-12-in-14-hex-drive-strong-drive-sd-connector-screw-(100-pack),undefined,undefined,undefined,undefined,undefined,undefined,undefined,undefined,undefined,undefined,undefined,undefined,undefined,https://images.thdstatic.com/productImages/6cf9c78c-3e59-4881-b031-a4f76378066d/svn/simpson-strong-tie-wood-screws-sd9112r100-e1_600.jpg,2
undefined,undefined,undefined,9-x-1-12-in-14-hex-drive-strong-drive-sd-connector-screw-(100-pack),undefined,undefined,undefined,undefined,undefined,undefined,undefined,undefined,undefined,undefined,undefined,undefined,undefined,https://cf-images.us-east-1.prod.boltdns.net/v1/static/66036796001/66da60ed-6282-458c-8b85-ecb500267c74/70de549c-b62a-4d01-ac47-19d2da5426a9/1280x720/match/image.jpg,3
undefined,undefined,undefined,9-x-1-12-in-14-hex-drive-strong-drive-sd-connector-screw-(100-pack),undefined,undefined,undefined,undefined,undefined,undefined,undefined,undefined,undefined,undefined,undefined,undefined,undefined,https://cf-images.us-east-1.prod.boltdns.net/v1/static/66036796001/66da60ed-6282-458c-8b85-ecb500267c74/70de549c-b62a-4d01-ac47-19d2da5426a9/1280x720/match/image.jpg,4
undefined,undefined,undefined,9-x-1-12-in-14-hex-drive-strong-drive-sd-connector-screw-(100-pack),undefined,undefined,undefined,undefined,undefined,undefined,undefined,undefined,undefined,undefined,undefined,undefined,undefined,https://cf-images.us-east-1.prod.boltdns.net/v1/static/66036796001/66da60ed-6282-458c-8b85-ecb500267c74/70de549c-b62a-4d01-ac47-19d2da5426a9/1280x720/match/image.jpg,5
undefined,undefined,undefined,9-x-1-12-in-14-hex-drive-strong-drive-sd-connector-screw-(100-pack),undefined,undefined,undefined,undefined,undefined,undefined,undefined,undefined,undefined,undefined,undefined,undefined,undefined,https://cf-images.us-east-1.prod.boltdns.net/v1/static/66036796001/66da60ed-6282-458c-8b85-ecb500267c74/70de549c-b62a-4d01-ac47-19d2da5426a9/1280x720/match/image.jpg,6
"""Hardware,Fasteners,Screws,Deck Screws,Hidden Deck Fasteners""",Trex,200 sq. ft. Universal Hidden Deck Fasteners - Combo Bucket,200-sq-ft-universal-hidden-deck-fasteners-combo-bucket,"<div class=""sui-flex sui-flex-col sui-gap-4""><ul class=""sui-w-full sui-list-disc sui-px-6 sui-flex sui-flex-col sui-gap-2"" data-testid=""bullet-list""><li data-testid=""bullet-list-item""><span>Hidden fasteners for a fastener-free look and clean board spacing</span></li><li data-testid=""bullet-list-item""><span>Kit includes 360 deck fasteners, 16 start clips and drive bit</span></li><li data-testid=""bullet-list-item""><span>Fasteners designed with preset deck screws for easy installation</span></li></ul><span class=""sui-mt-8""><h5 class=""sui-h5-bold sui-line-clamp-unset sui-text-primary"">About This Product</h5></span><p>Create a smooth, screw-free finish and perfectly space Trex deck boards with this hidden fasteners combo kit. Use between each grooved-edge board for perfectly consistent spacing and no visible surface screws on up to 200 sq. ft. of decking. Kit includes 360 self-gapping, glass-filled nylon, universal deck fasteners with preset stainless steel screws, 16 universal start clips with screws, drive bit and installation instructions.</p></div><ul class=""sui-w-full sui-list-disc sui-px-6 sui-flex sui-flex-col sui-gap-2 sui-mt-4"" data-testid=""bullet-list""><li data-testid=""bullet-list-item""><span>Kit includes 360° self-gapping, glass-filled nylon, universal deck fasteners with preset stainless steel screws, 16 universal start clips with screws, drive bit and installation instructions</span></li><li data-testid=""bullet-list-item""><span>Covers 200 sq. ft. of composite decking</span></li><li data-testid=""bullet-list-item""><span>Quick and easy installation</span></li><li data-testid=""bullet-list-item""><span>Stainless steel for durability</span></li><li data-testid=""bullet-list-item""><span>Clean, fastener-free appearance across entire surface</span></li><li data-testid=""bullet-list-item""><span>Must be used with grooved-edge Trex composite decking</span></li><li data-testid=""bullet-list-item""><span><a href=""https://www.homedepot.com/p/Trex-Hideaway-Universal-Fastener-Installation-Tool-ONESTEPTL/321755593"" target=""_blank"" style=""color:#F96302;"">Shop Compatible Trex Universal Fastener Installation Tool and reduce installation time up to 50%</a></span></li><li data-testid=""bullet-list-item""><a href=""https://www.homedepot.com/c/Return_Policy"" class=""sui-font-regular sui-text-base sui-tracking-normal sui-normal-case sui-line-clamp-unset sui-text-primary focus-visible:sui-bg-focus focus-visible:sui-outline-none sui-underline"">Return Policy</a></li><li data-testid=""bullet-list-item""><div class=""sui-flex sui-flex-row""><div>California residents</div>&nbsp;<div><a class=""sui-font-regular sui-text-base sui-tracking-normal sui-normal-case sui-line-clamp-unset sui-text-primary focus-visible:sui-bg-focus focus-visible:sui-outline-none sui-underline"">see Prop 65 WARNINGS</a></div></div></li></ul><div class=""sui-flex sui-flex-col sui-gap-2 sui-my-4"" data-testid=""productInfo""><span><span>Product ID #:</span> 317117154</span><span><span>Internet #:</span> 652835302899</span><span><span>Model #:</span> UNIVCOMBOCLIP200</span></div>",139,9.77,in,7.81,in,,undefined,5.3,lb,https://www.homedepot.com/p/Trex-200-sq-ft-Universal-Hidden-Deck-Fasteners-Combo-Bucket-UNIVCOMBOCLIP200/317117154,1,https://www.homedepot.com/b/Hardware-Fasteners/N-5yc1vZc255?catStyle=ShowProducts&sortorder=desc&sortby=topsellers,https://images.thdstatic.com/productImages/a3c85366-06b7-4ff2-ab29-eb686284ab10/svn/trex-hidden-deck-fasteners-univcomboclip200-64_600.jpg,1
undefined,undefined,undefined,200-sq-ft-universal-hidden-deck-fasteners-combo-bucket,undefined,undefined,undefined,undefined,undefined,undefined,undefined,undefined,undefined,undefined,undefined,undefined,undefined,https://images.thdstatic.com/productImages/f71ec550-758d-41eb-802e-43d04dfec73f/svn/trex-hidden-deck-fasteners-univcomboclip200-c3_600.jpg,2
undefined,undefined,undefined,200-sq-ft-universal-hidden-deck-fasteners-combo-bucket,undefined,undefined,undefined,undefined,undefined,undefined,undefined,undefined,undefined,undefined,undefined,undefined,undefined,https://cf-images.us-east-1.prod.boltdns.net/v1/jit/1834613806001/137f3451-5b9a-4476-8d41-f8586b257046/main/1280x720/10s848ms/match/image.jpg?pubId=66036796001,3
undefined,undefined,undefined,200-sq-ft-universal-hidden-deck-fasteners-combo-bucket,undefined,undefined,undefined,undefined,undefined,undefined,undefined,undefined,undefined,undefined,undefined,undefined,undefined,https://cf-images.us-east-1.prod.boltdns.net/v1/jit/1834613806001/137f3451-5b9a-4476-8d41-f8586b257046/main/1280x720/10s848ms/match/image.jpg?pubId=66036796001,4
undefined,undefined,undefined,200-sq-ft-universal-hidden-deck-fasteners-combo-bucket,undefined,undefined,undefined,undefined,undefined,undefined,undefined,undefined,undefined,undefined,undefined,undefined,undefined,https://cf-images.us-east-1.prod.boltdns.net/v1/jit/1834613806001/137f3451-5b9a-4476-8d41-f8586b257046/main/1280x720/10s848ms/match/image.jpg?pubId=66036796001,5
"""Hardware,Fasteners,Collated Fasteners,Collated Finishing Nails""",Porter-Cable,2 in. x 18-Gauge Brad Nail (1000 per Box),2-in-x-18-gauge-brad-nail-(1000-per-box),"<div class=""sui-flex sui-flex-col sui-gap-4""><ul class=""sui-w-full sui-list-disc sui-px-6 sui-flex sui-flex-col sui-gap-2"" data-testid=""bullet-list""><li data-testid=""bullet-list-item""><span>Bright finish is ideal for interior applications</span></li><li data-testid=""bullet-list-item""><span>Ideal for fastening decorative molding, casing, and shoe molding</span></li><li data-testid=""bullet-list-item""><span>For use with 18-Gauge Brad Nailer</span></li></ul><span class=""sui-mt-8""><h5 class=""sui-h5-bold sui-line-clamp-unset sui-text-primary"">About This Product</h5></span><p>Porter-Cable 2 in. x 18-Gauge Glue 1M Steel Brad Nails are constructed from durable steel material and measure 2 in. long. These durable, glue-collated steel fasteners are built for indoor applications. Manufacturing a full line of power tools, equipment and accessories, Porter-Cable provides a product for every situation. From new home construction to building maintenance. From farms to upscale woodworking. Everyone from seasoned professionals to casual weekenders are putting Porter-Cable tools to work whenever they want the job done right.</p></div><ul class=""sui-w-full sui-list-disc sui-px-6 sui-flex sui-flex-col sui-gap-2 sui-mt-4"" data-testid=""bullet-list""><li data-testid=""bullet-list-item""><span>Designed for indoor applications</span></li><li data-testid=""bullet-list-item""><span>Steel construction</span></li><li data-testid=""bullet-list-item""><span>2 in. long</span></li><li data-testid=""bullet-list-item""><span>Includes 1,000 nails</span></li><li data-testid=""bullet-list-item""><span>Bright finish</span></li><li data-testid=""bullet-list-item""><span>Fastener point type: chisel</span></li><li data-testid=""bullet-list-item""><span>IPG tools - DEWALT: D51238K, DC608K; Porter-Cable: BN200B</span></li><li data-testid=""bullet-list-item""><a href=""https://www.homedepot.com/c/Return_Policy"" class=""sui-font-regular sui-text-base sui-tracking-normal sui-normal-case sui-line-clamp-unset sui-text-primary focus-visible:sui-bg-focus focus-visible:sui-outline-none sui-underline"">Return Policy</a></li></ul><div class=""sui-flex sui-flex-col sui-gap-2 sui-my-4"" data-testid=""productInfo""><span><span>Product ID #:</span> 202280169</span><span><span>Internet #:</span> 885911137652</span><span><span>Model #:</span> PBN18200-1</span></div>",9.78,2,in,2.69,in,,undefined,1.25,lb,https://www.homedepot.com/p/Porter-Cable-2-in-x-18-Gauge-Brad-Nail-1000-per-Box-PBN18200-1/202280169,1,https://www.homedepot.com/b/Hardware-Fasteners/N-5yc1vZc255?catStyle=ShowProducts&sortorder=desc&sortby=topsellers,https://images.thdstatic.com/productImages/4e91f6c5-57f4-4271-a319-3fa1d3288ba9/svn/porter-cable-collated-finishing-nails-pbn18200-1-64_600.jpg,1
undefined,undefined,undefined,2-in-x-18-gauge-brad-nail-(1000-per-box),undefined,undefined,undefined,undefined,undefined,undefined,undefined,undefined,undefined,undefined,undefined,undefined,undefined,https://images.thdstatic.com/productImages/e77886ea-97c5-4508-af84-5e918d92e86c/svn/porter-cable-collated-finishing-nails-pbn18200-1-e1_600.jpg,2
undefined,undefined,undefined,2-in-x-18-gauge-brad-nail-(1000-per-box),undefined,undefined,undefined,undefined,undefined,undefined,undefined,undefined,undefined,undefined,undefined,undefined,undefined,https://cf-images.us-east-1.prod.boltdns.net/v1/jit/1834613806001/dab7d619-54e7-4e61-90b6-80e42baa2b8a/main/1280x720/11s520ms/match/image.jpg?pubId=66036796001,3
undefined,undefined,undefined,2-in-x-18-gauge-brad-nail-(1000-per-box),undefined,undefined,undefined,undefined,undefined,undefined,undefined,undefined,undefined,undefined,undefined,undefined,undefined,https://cf-images.us-east-1.prod.boltdns.net/v1/jit/1834613806001/dab7d619-54e7-4e61-90b6-80e42baa2b8a/main/1280x720/11s520ms/match/image.jpg?pubId=66036796001,4
"""Hardware,Fasteners,Screws,Deck Screws,Wood Deck Screws""",DECKMATE,#9 x 3 in. Tan Exterior Self-Starting Star Flat-Head Wood Deck Screws 25 lbs box ( 1543 pcs),9-x-3-in-tan-exterior-self-starting-star-flat-head-wood-deck-screws-25-lbs-box-(-1543-pcs),"<div class=""sui-flex sui-flex-col sui-gap-4""><ul class=""sui-w-full sui-list-disc sui-px-6 sui-flex sui-flex-col sui-gap-2"" data-testid=""bullet-list""><li data-testid=""bullet-list-item""><span>Designed with an improved thread to allow an easy movement</span></li><li data-testid=""bullet-list-item""><span>Star flat head to allow a better fitting</span></li><li data-testid=""bullet-list-item""><span>Polymer coating helps preventing corrosion</span></li></ul><span class=""sui-mt-8""><h5 class=""sui-h5-bold sui-line-clamp-unset sui-text-primary"">About This Product</h5></span><p>Make the most of your of your outdoor project with Deck Mate brand exterior screws. Designed for use with all treated lumber and all exterior projects to connect wood to wood. A lifetime polymer coating provides extra corrosion resistance that is guaranteed for the life of your outdoor project.</p></div><ul class=""sui-w-full sui-list-disc sui-px-6 sui-flex sui-flex-col sui-gap-2 sui-mt-4"" data-testid=""bullet-list""><li data-testid=""bullet-list-item""><span>Star drive head helps transfer torque and prevent cam outs</span></li><li data-testid=""bullet-list-item""><span>Nibs under head allow screw to countersink better for a smoother finish</span></li><li data-testid=""bullet-list-item""><span>Type 17 point with flute creates its own pilot hole limiting the need for pre-drilling</span></li><li data-testid=""bullet-list-item""><span>Includes T-25 driver bit in the box</span></li><li data-testid=""bullet-list-item""><a href=""https://www.homedepot.com/c/Return_Policy"" class=""sui-font-regular sui-text-base sui-tracking-normal sui-normal-case sui-line-clamp-unset sui-text-primary focus-visible:sui-bg-focus focus-visible:sui-outline-none sui-underline"">Return Policy</a></li><li data-testid=""bullet-list-item""><div class=""sui-flex sui-flex-row""><div>California residents</div>&nbsp;<div><a class=""sui-font-regular sui-text-base sui-tracking-normal sui-normal-case sui-line-clamp-unset sui-text-primary focus-visible:sui-bg-focus focus-visible:sui-outline-none sui-underline"">see Prop 65 WARNINGS</a></div></div></li></ul><div class=""sui-flex sui-flex-col sui-gap-2 sui-my-4"" data-testid=""productInfo""><span><span>Product ID #:</span> 305418755</span><span><span>Internet #:</span> 764666733213</span><span><span>Model #:</span> 3DMT25BK</span></div>",114,undefined,undefined,undefined,undefined,undefined,undefined,undefined,undefined,https://www.homedepot.com/p/DECKMATE-9-x-3-in-Tan-Exterior-Self-Starting-Star-Flat-Head-Wood-Deck-Screws-25-lbs-box-1543-pcs-3DMT25BK/305418755,1,https://www.homedepot.com/b/Hardware-Fasteners/N-5yc1vZc255?catStyle=ShowProducts&sortorder=desc&sortby=topsellers,https://images.thdstatic.com/productImages/9f1d04fa-efd6-4346-a8de-712ac9c05859/svn/deckmate-deck-screws-3dmt25bk-64_600.jpg,1
undefined,undefined,undefined,9-x-3-in-tan-exterior-self-starting-star-flat-head-wood-deck-screws-25-lbs-box-(-1543-pcs),undefined,undefined,undefined,undefined,undefined,undefined,undefined,undefined,undefined,undefined,undefined,undefined,undefined,https://images.thdstatic.com/productImages/7dbe0a21-6484-4ab4-97b7-2a0e7d2545e2/svn/deckmate-deck-screws-3dmt25bk-e1_600.jpg,2
undefined,undefined,undefined,9-x-3-in-tan-exterior-self-starting-star-flat-head-wood-deck-screws-25-lbs-box-(-1543-pcs),undefined,undefined,undefined,undefined,undefined,undefined,undefined,undefined,undefined,undefined,undefined,undefined,undefined,https://cf-images.us-east-1.prod.boltdns.net/v1/static/66036796001/75b85dbc-ffd3-4bcf-9ecf-ffdcbc2368ca/81f919b9-1889-4fa7-bae7-9c637d326367/1280x720/match/image.jpg,3
undefined,undefined,undefined,9-x-3-in-tan-exterior-self-starting-star-flat-head-wood-deck-screws-25-lbs-box-(-1543-pcs),undefined,undefined,undefined,undefined,undefined,undefined,undefined,undefined,undefined,undefined,undefined,undefined,undefined,https://cf-images.us-east-1.prod.boltdns.net/v1/static/66036796001/75b85dbc-ffd3-4bcf-9ecf-ffdcbc2368ca/81f919b9-1889-4fa7-bae7-9c637d326367/1280x720/match/image.jpg,4
undefined,undefined,undefined,9-x-3-in-tan-exterior-self-starting-star-flat-head-wood-deck-screws-25-lbs-box-(-1543-pcs),undefined,undefined,undefined,undefined,undefined,undefined,undefined,undefined,undefined,undefined,undefined,undefined,undefined,https://cf-images.us-east-1.prod.boltdns.net/v1/static/66036796001/75b85dbc-ffd3-4bcf-9ecf-ffdcbc2368ca/81f919b9-1889-4fa7-bae7-9c637d326367/1280x720/match/image.jpg,5
undefined,undefined,undefined,9-x-3-in-tan-exterior-self-starting-star-flat-head-wood-deck-screws-25-lbs-box-(-1543-pcs),undefined,undefined,undefined,undefined,undefined,undefined,undefined,undefined,undefined,undefined,undefined,undefined,undefined,https://cf-images.us-east-1.prod.boltdns.net/v1/static/66036796001/75b85dbc-ffd3-4bcf-9ecf-ffdcbc2368ca/81f919b9-1889-4fa7-bae7-9c637d326367/1280x720/match/image.jpg,6
"""Hardware,Fasteners,Screws,Drywall Screws""",Grip-Rite,#6 x 1-1/4 in. Philips Bugle-Head Coarse Thread Sharp Point Drywall Screws (25 lbs./Pack),6-x-1-14-in-philips-bugle-head-coarse-thread-sharp-point-drywall-screws-(25-lbs-pack),"<div class=""sui-flex sui-flex-col sui-gap-4""><ul class=""sui-w-full sui-list-disc sui-px-6 sui-flex sui-flex-col sui-gap-2"" data-testid=""bullet-list""><li data-testid=""bullet-list-item""><span>For attaching drywall to wood studs</span></li><li data-testid=""bullet-list-item""><span>General interior wood application</span></li><li data-testid=""bullet-list-item""><span>Phosphate coated for improved paint and mud adhesion</span></li></ul><span class=""sui-mt-8""><h5 class=""sui-h5-bold sui-line-clamp-unset sui-text-primary"">About This Product</h5></span><p>For the most comprehensive selection of nails and screws, look for Grip-Rite, the most popular brand of fasteners in America. No matter what the project or what size the job; Grip-Rite has the optimal fastening solution. There are many sizes and styles of nails available. As construction materials and techniques evolve, fastener design keeps pace with the Changing technology. Fastener needs vary from project to project and the safety and life expectancy of the project can be extended or compromised based upon the fastener used. Fasteners have been designed to meet the special needs of projects such as roofing or drywall and in many cases are known by the application for which they are intended.</p></div><ul class=""sui-w-full sui-list-disc sui-px-6 sui-flex sui-flex-col sui-gap-2 sui-mt-4"" data-testid=""bullet-list""><li data-testid=""bullet-list-item""><span>For attaching drywall to wood studs</span></li><li data-testid=""bullet-list-item""><span>Phosphate plated</span></li><li data-testid=""bullet-list-item""><span>Steel construction</span></li><li data-testid=""bullet-list-item""><span>Made to conform to ASTM C1003</span></li><li data-testid=""bullet-list-item""><a href=""https://www.homedepot.com/c/Return_Policy"" class=""sui-font-regular sui-text-base sui-tracking-normal sui-normal-case sui-line-clamp-unset sui-text-primary focus-visible:sui-bg-focus focus-visible:sui-outline-none sui-underline"">Return Policy</a></li><li data-testid=""bullet-list-item""><div class=""sui-flex sui-flex-row""><div>California residents</div>&nbsp;<div><a class=""sui-font-regular sui-text-base sui-tracking-normal sui-normal-case sui-line-clamp-unset sui-text-primary focus-visible:sui-bg-focus focus-visible:sui-outline-none sui-underline"">see Prop 65 WARNINGS</a></div></div></li></ul><div class=""sui-flex sui-flex-col sui-gap-2 sui-my-4"" data-testid=""productInfo""><span><span>Product ID #:</span> 100394340</span><span><span>Internet #:</span> 764666508484</span><span><span>Model #:</span> 114CDW25BK</span></div>",49.98,,undefined,,undefined,,undefined,25,lb,https://www.homedepot.com/p/Grip-Rite-6-x-1-1-4-in-Philips-Bugle-Head-Coarse-Thread-Sharp-Point-Drywall-Screws-25-lbs-Pack-114CDW25BK/100394340,1,https://www.homedepot.com/b/Hardware-Fasteners/N-5yc1vZc255?catStyle=ShowProducts&sortorder=desc&sortby=topsellers,https://images.thdstatic.com/productImages/e2096039-e23f-4133-abbf-3f22200b60a2/svn/grip-rite-drywall-screws-114cdw25bk-64_600.jpg,1
undefined,undefined,undefined,6-x-1-14-in-philips-bugle-head-coarse-thread-sharp-point-drywall-screws-(25-lbs-pack),undefined,undefined,undefined,undefined,undefined,undefined,undefined,undefined,undefined,undefined,undefined,undefined,undefined,https://images.thdstatic.com/productImages/f3c745f3-7242-47fa-9fac-34bdb9e964b0/svn/grip-rite-drywall-screws-114cdw25bk-e1_600.jpg,2
undefined,undefined,undefined,6-x-1-14-in-philips-bugle-head-coarse-thread-sharp-point-drywall-screws-(25-lbs-pack),undefined,undefined,undefined,undefined,undefined,undefined,undefined,undefined,undefined,undefined,undefined,undefined,undefined,https://images.thdstatic.com/productImages/f39ef48f-bbeb-475d-93d8-2dc65897e99c/svn/grip-rite-drywall-screws-114cdw25bk-40_600.jpg,3
undefined,undefined,undefined,6-x-1-14-in-philips-bugle-head-coarse-thread-sharp-point-drywall-screws-(25-lbs-pack),undefined,undefined,undefined,undefined,undefined,undefined,undefined,undefined,undefined,undefined,undefined,undefined,undefined,https://images.thdstatic.com/productImages/2495e0e6-bd43-48dd-bc54-0a13b3f17627/svn/grip-rite-drywall-screws-114cdw25bk-c3_600.jpg,4
undefined,undefined,undefined,6-x-1-14-in-philips-bugle-head-coarse-thread-sharp-point-drywall-screws-(25-lbs-pack),undefined,undefined,undefined,undefined,undefined,undefined,undefined,undefined,undefined,undefined,undefined,undefined,undefined,https://images.thdstatic.com/productImages/a819e723-d0fb-4d38-8063-2aa0ea5f88a6/svn/grip-rite-drywall-screws-114cdw25bk-4f_600.jpg,5
undefined,undefined,undefined,6-x-1-14-in-philips-bugle-head-coarse-thread-sharp-point-drywall-screws-(25-lbs-pack),undefined,undefined,undefined,undefined,undefined,undefined,undefined,undefined,undefined,undefined,undefined,undefined,undefined,https://images.thdstatic.com/productImages/2e4e09c1-2b78-4c40-8187-72690a177e0a/svn/grip-rite-drywall-screws-114cdw25bk-1f_600.jpg,6
"""Hardware,Fasteners,Screws,Drywall Screws""",Grip-Rite,#6 x 1-1/4 in. Philips Bugle-Head Coarse Thread Sharp (5 lb./pack),6-x-1-14-in-philips-bugle-head-coarse-thread-sharp-(5-lbpack),"<div class=""sui-flex sui-flex-col sui-gap-4""><ul class=""sui-w-full sui-list-disc sui-px-6 sui-flex sui-flex-col sui-gap-2"" data-testid=""bullet-list""><li data-testid=""bullet-list-item""><span>For attaching drywall to wood studs</span></li><li data-testid=""bullet-list-item""><span>General interior wood application</span></li><li data-testid=""bullet-list-item""><span>Phosphate coated for improved paint and mud adhesion</span></li></ul><span class=""sui-mt-8""><h5 class=""sui-h5-bold sui-line-clamp-unset sui-text-primary"">About This Product</h5></span><p>For the most comprehensive selection of nails and screws, look for Grip-Rite, the most popular brand of fasteners in America. No matter what the project or what size the job; Grip-Rite has the optimal fastening solution. There are many sizes and styles of nails available. As construction materials and techniques evolve, fastener design keeps pace with the Changing technology. Fastener needs vary from project to project and the safety and life expectancy of the project can be extended or compromised based upon the fastener used. Fasteners have been designed to meet the special needs of projects such as roofing or drywall and in many cases are known by the application for which they are intended.</p></div><ul class=""sui-w-full sui-list-disc sui-px-6 sui-flex sui-flex-col sui-gap-2 sui-mt-4"" data-testid=""bullet-list""><li data-testid=""bullet-list-item""><span>For attaching drywall to wood studs</span></li><li data-testid=""bullet-list-item""><span>Phosphate plated</span></li><li data-testid=""bullet-list-item""><span>Steel construction</span></li><li data-testid=""bullet-list-item""><span>Made to conform to ASTM C1003</span></li><li data-testid=""bullet-list-item""><a href=""https://www.homedepot.com/c/Return_Policy"" class=""sui-font-regular sui-text-base sui-tracking-normal sui-normal-case sui-line-clamp-unset sui-text-primary focus-visible:sui-bg-focus focus-visible:sui-outline-none sui-underline"">Return Policy</a></li><li data-testid=""bullet-list-item""><div class=""sui-flex sui-flex-row""><div>California residents</div>&nbsp;<div><a class=""sui-font-regular sui-text-base sui-tracking-normal sui-normal-case sui-line-clamp-unset sui-text-primary focus-visible:sui-bg-focus focus-visible:sui-outline-none sui-underline"">see Prop 65 WARNINGS</a></div></div></li></ul><div class=""sui-flex sui-flex-col sui-gap-2 sui-my-4"" data-testid=""productInfo""><span><span>Product ID #:</span> 100120906</span><span><span>Internet #:</span> 764666103047</span><span><span>Model #:</span> 114CDWS5</span></div>",24.98,,undefined,,undefined,,undefined,5,lb,https://www.homedepot.com/p/Grip-Rite-6-x-1-1-4-in-Philips-Bugle-Head-Coarse-Thread-Sharp-5-lb-pack-114CDWS5/100120906,1,https://www.homedepot.com/b/Hardware-Fasteners/N-5yc1vZc255?catStyle=ShowProducts&sortorder=desc&sortby=topsellers,https://images.thdstatic.com/productImages/e482ab2f-c7aa-4369-a093-30c723422eb1/svn/grip-rite-drywall-screws-114cdws5-64_600.jpg,1
undefined,undefined,undefined,6-x-1-14-in-philips-bugle-head-coarse-thread-sharp-(5-lbpack),undefined,undefined,undefined,undefined,undefined,undefined,undefined,undefined,undefined,undefined,undefined,undefined,undefined,https://images.thdstatic.com/productImages/ed781da8-51c3-4b13-8f47-172abc6e9ef6/svn/grip-rite-drywall-screws-114cdws5-e1_600.jpg,2
undefined,undefined,undefined,6-x-1-14-in-philips-bugle-head-coarse-thread-sharp-(5-lbpack),undefined,undefined,undefined,undefined,undefined,undefined,undefined,undefined,undefined,undefined,undefined,undefined,undefined,https://images.thdstatic.com/productImages/f39ef48f-bbeb-475d-93d8-2dc65897e99c/svn/grip-rite-drywall-screws-114cdws5-77_600.jpg,3
undefined,undefined,undefined,6-x-1-14-in-philips-bugle-head-coarse-thread-sharp-(5-lbpack),undefined,undefined,undefined,undefined,undefined,undefined,undefined,undefined,undefined,undefined,undefined,undefined,undefined,https://images.thdstatic.com/productImages/ccc488c7-bb59-4fc2-8aee-5ed89785b850/svn/grip-rite-drywall-screws-114cdws5-c3_600.jpg,4
undefined,undefined,undefined,6-x-1-14-in-philips-bugle-head-coarse-thread-sharp-(5-lbpack),undefined,undefined,undefined,undefined,undefined,undefined,undefined,undefined,undefined,undefined,undefined,undefined,undefined,https://images.thdstatic.com/productImages/a819e723-d0fb-4d38-8063-2aa0ea5f88a6/svn/grip-rite-drywall-screws-114cdws5-4f_600.jpg,5
undefined,undefined,undefined,6-x-1-14-in-philips-bugle-head-coarse-thread-sharp-(5-lbpack),undefined,undefined,undefined,undefined,undefined,undefined,undefined,undefined,undefined,undefined,undefined,undefined,undefined,https://images.thdstatic.com/productImages/2495e0e6-bd43-48dd-bc54-0a13b3f17627/svn/grip-rite-drywall-screws-114cdws5-1f_600.jpg,6
"""Lumber & Composites,Fencing & Gates,Wood Fencing,Wood Fence Pickets""",Outdoor Essentials,5/8 in. x 5-1/2 in. x 6 ft. Pressure-Treated Pine Dog-Ear Fence Picket,58-in-x-5-12-in-x-6-ft-pressure-treated-pine-dog-ear-fence-picket,"<div class=""sui-flex sui-flex-col sui-gap-4""><ul class=""sui-w-full sui-list-disc sui-px-6 sui-flex sui-flex-col sui-gap-2"" data-testid=""bullet-list""><li data-testid=""bullet-list-item""><span>Treated to resist insects, rot and decay</span></li><li data-testid=""bullet-list-item""><span>Neighbor-friendly design adds beauty to your home and yard</span></li><li data-testid=""bullet-list-item""><span>Ideal for building a new fence or repairing an existing fence</span></li></ul><span class=""sui-mt-8""><h5 class=""sui-h5-bold sui-line-clamp-unset sui-text-primary"">About This Product</h5></span><p>The 6 ft. x 5-1/2 in. x 5/8 in. Pine Dog-Ear Picket is made from pine for durable, long-lasting performance. This all-wood picket is 6 ft. long. It has a classic dog-ear pattern that can add charm to almost any outdoor space. It is paintable and stainable to match with your exterior decor. You can use it for outdoor applications including picket fences and gardens.</p></div><ul class=""sui-w-full sui-list-disc sui-px-6 sui-flex sui-flex-col sui-gap-2 sui-mt-4"" data-testid=""bullet-list""><li data-testid=""bullet-list-item""><span>Traditional dog-ear design adds a beautiful appearance</span></li><li data-testid=""bullet-list-item""><span>Pressure-treated to protect against rot and decay</span></li><li data-testid=""bullet-list-item""><span>Can be painted or stained to suit your preference</span></li><li data-testid=""bullet-list-item""><span>For use in above ground applications</span></li><li data-testid=""bullet-list-item""><span>Ideal for any fence repair</span></li><li data-testid=""bullet-list-item""><span>Can be used in a variety of commercial or residential applications</span></li><li data-testid=""bullet-list-item""><span>Note: product may vary by store</span></li><li data-testid=""bullet-list-item""><span><a href=""https://www.homedepot.com/b/Featured-Products-Complete-The-Project-How-to-Build-a-Fence/N-5yc1vZ2fkosv2"" target=""_blank"" style=""color:#F96302;"">Find everything you need to complete your fencing project here</a></span></li><li data-testid=""bullet-list-item""><span><br><br><center><a href=""https://www.homedepot.com/c/ah/how-to-build-a-fence/9ba683603be9fa5395fab90a485b4ce?NCNI-5&amp;searchRedirect=how+to+build+a+fence&amp;semanticToken=300r10r001220000_202010191749529517561156157_us-east4-nbxs+300r10r001220000+%3E++cnn%3A%7B0%3A0%7D+cnp%3A%7B10%3A0%7D+cnd%3A%7B4%3A0%7D+cne%3A%7B8%3A0%7D+cns%3A%7B5%3A0%7D+cnx%3A%7B3%3A0%7D+cnq%3A%7B0%3A0%7D+cnw%3A%7B0%3A0%7D+cnv%3A%7B1%3A4%7D+st%3A%7Bhow+to+build+a+fence%7D%3Ast+tgr%3A%7BNo+stage+info%7D+qu%3A%7Bhow+to+build+a+fence%7D%3Aqu"" target=""_blank""><br><br><center><img src=""https://inlinecontent.thdstatic.com/21/UNIVERSAL FOREST PRODUCT/1469352.jpg""></center><br></a></center><br></span></li><li data-testid=""bullet-list-item""><a href=""https://www.homedepot.com/c/Return_Policy"" class=""sui-font-regular sui-text-base sui-tracking-normal sui-normal-case sui-line-clamp-unset sui-text-primary focus-visible:sui-bg-focus focus-visible:sui-outline-none sui-underline"">Return Policy</a></li><li data-testid=""bullet-list-item""><div class=""sui-flex sui-flex-row""><div>California residents</div>&nbsp;<div><a class=""sui-font-regular sui-text-base sui-tracking-normal sui-normal-case sui-line-clamp-unset sui-text-primary focus-visible:sui-bg-focus focus-visible:sui-outline-none sui-underline"">see Prop 65 WARNINGS</a></div></div></li></ul><div class=""sui-flex sui-flex-col sui-gap-2 sui-my-4"" data-testid=""productInfo""><span><span>Product ID #:</span> 202319053</span><span><span>Internet #:</span> 090489125325</span><span><span>Model #:</span> 102560</span></div>",2.18,,undefined,5.5,in,0.625,in,6.9,lb,https://www.homedepot.com/p/Outdoor-Essentials-5-8-in-x-5-1-2-in-x-6-ft-Pressure-Treated-Pine-Dog-Ear-Fence-Picket-102560/202319053,1,https://www.homedepot.com/b/Lumber-Composites-Fencing-Gates/N-5yc1vZbrk7?sortorder=desc&sortby=topsellers,https://images.thdstatic.com/productImages/2bdb6d53-af9f-4e73-9380-087824965b38/svn/Single-Dog-Ear-Wood-Picket_600.jpg,1
undefined,undefined,undefined,58-in-x-5-12-in-x-6-ft-pressure-treated-pine-dog-ear-fence-picket,undefined,undefined,undefined,undefined,undefined,undefined,undefined,undefined,undefined,undefined,undefined,undefined,undefined,https://images.thdstatic.com/productImages/556df324-5d67-44dd-8196-1b41c6187e31/svn/Wood-Fence-Panels-with-chair-and-toys_600.jpg,2
undefined,undefined,undefined,58-in-x-5-12-in-x-6-ft-pressure-treated-pine-dog-ear-fence-picket,undefined,undefined,undefined,undefined,undefined,undefined,undefined,undefined,undefined,undefined,undefined,undefined,undefined,https://cf-images.us-east-1.prod.boltdns.net/v1/jit/1834613806001/aec102dd-bb2e-4d3f-b144-90dfb7a433f0/main/1280x720/1m36s258ms/match/image.jpg?pubId=66036796001,3
undefined,undefined,undefined,58-in-x-5-12-in-x-6-ft-pressure-treated-pine-dog-ear-fence-picket,undefined,undefined,undefined,undefined,undefined,undefined,undefined,undefined,undefined,undefined,undefined,undefined,undefined,https://cf-images.us-east-1.prod.boltdns.net/v1/jit/1834613806001/aec102dd-bb2e-4d3f-b144-90dfb7a433f0/main/1280x720/1m36s258ms/match/image.jpg?pubId=66036796001,4
undefined,undefined,undefined,58-in-x-5-12-in-x-6-ft-pressure-treated-pine-dog-ear-fence-picket,undefined,undefined,undefined,undefined,undefined,undefined,undefined,undefined,undefined,undefined,undefined,undefined,undefined,https://cf-images.us-east-1.prod.boltdns.net/v1/jit/1834613806001/aec102dd-bb2e-4d3f-b144-90dfb7a433f0/main/1280x720/1m36s258ms/match/image.jpg?pubId=66036796001,5
undefined,undefined,undefined,58-in-x-5-12-in-x-6-ft-pressure-treated-pine-dog-ear-fence-picket,undefined,undefined,undefined,undefined,undefined,undefined,undefined,undefined,undefined,undefined,undefined,undefined,undefined,https://cf-images.us-east-1.prod.boltdns.net/v1/jit/1834613806001/aec102dd-bb2e-4d3f-b144-90dfb7a433f0/main/1280x720/1m36s258ms/match/image.jpg?pubId=66036796001,6
"""Lumber & Composites,Decking,Deck Posts,Wood Deck Posts""",Unbranded,4 in. x 4 in. x 8 ft. #2 Ground Contact Pressure-Treated Southern Yellow Pine Timber,4-in-x-4-in-x-8-ft-2-ground-contact-pressure-treated-southern-yellow-pine-timber,"<div class=""sui-flex sui-flex-col sui-gap-4""><ul class=""sui-w-full sui-list-disc sui-px-6 sui-flex sui-flex-col sui-gap-2"" data-testid=""bullet-list""><li data-testid=""bullet-list-item""><span>2X the protection compared to Above Ground treatment</span></li><li data-testid=""bullet-list-item""><span>Treated for protection against fungal decay, rot and termites</span></li><li data-testid=""bullet-list-item""><span>Ideal for decks, walkways, landscaping and other outdoor projects</span></li></ul><span class=""sui-mt-8""><h5 class=""sui-h5-bold sui-line-clamp-unset sui-text-primary"">About This Product</h5></span><p>This sturdy Pressure-Treated Timber #2 Southern Yellow Pine meets the highest grading standards for strength and appearance. Treated for protection from termites and rot, it is ideal for a variety of applications including decks, docks, ramps and other outdoor projects where lumber is exposed to the elements. Responsibly manufactured from renewable southern yellow pine, this lumber is both safe and environmentally friendly when used properly and can be painted to match any home or business exterior.Treated wood is typically still wet when it's delivered to The Home Depot or job site. As it dries, you should expect slight changes in width and length. As lumber dries, it may split, cup and warp. This is more likely to occur to occur in lower-grade boards, where knots and uneven grains are already present. Each piece of lumber is unique and carries physical characteristics that may include the following: knots, warping, shrinkage, swelling and/or splitting.</p></div><ul class=""sui-w-full sui-list-disc sui-px-6 sui-flex sui-flex-col sui-gap-2 sui-mt-4"" data-testid=""bullet-list""><li data-testid=""bullet-list-item""><span>Manufactured from southern yellow pine, a renewable resource, for an eco-friendly choice</span></li><li data-testid=""bullet-list-item""><span>Pressure-treated for ground contact applications</span></li><li data-testid=""bullet-list-item""><span>Uniform thickness, density and appearance with a smooth surface that can be painted for a customized look</span></li><li data-testid=""bullet-list-item""><span>Actual dimensions: 3.56 in. x 3.56 in. x 96 in.</span></li><li data-testid=""bullet-list-item""><span>Lifetime limited residential warranty against rot and termites</span></li><li data-testid=""bullet-list-item""><span>No two pieces of lumber are the same.</span></li><li data-testid=""bullet-list-item""><span>Color, grain pattern and texture will vary as well.</span></li><li data-testid=""bullet-list-item""><span>Use #2 grade lumber when both appearance is not the most important to you project.</span></li><li data-testid=""bullet-list-item""><span>May have wane (bark edge) on corners</span></li><li data-testid=""bullet-list-item""><span>Use #2 grade lumber when strength is the main feature you are looking for on your project.</span></li><li data-testid=""bullet-list-item""><a href=""https://www.homedepot.com/c/Return_Policy"" class=""sui-font-regular sui-text-base sui-tracking-normal sui-normal-case sui-line-clamp-unset sui-text-primary focus-visible:sui-bg-focus focus-visible:sui-outline-none sui-underline"">Return Policy</a></li><li data-testid=""bullet-list-item""><div class=""sui-flex sui-flex-row""><div>California residents</div>&nbsp;<div><a class=""sui-font-regular sui-text-base sui-tracking-normal sui-normal-case sui-line-clamp-unset sui-text-primary focus-visible:sui-bg-focus focus-visible:sui-outline-none sui-underline"">see Prop 65 WARNINGS</a></div></div></li></ul><div class=""sui-flex sui-flex-col sui-gap-2 sui-my-4"" data-testid=""productInfo""><span><span>Product ID #:</span> 205220341</span><span><span>Internet #:</span> 090489288044</span><span><span>Model #:</span> 194354</span></div>",9.18,8,ft,3.5,in,3.5,in,,undefined,https://www.homedepot.com/p/4-in-x-4-in-x-8-ft-2-Ground-Contact-Pressure-Treated-Southern-Yellow-Pine-Timber-194354/205220341,1,https://www.homedepot.com/b/Lumber-Composites-Fencing-Gates/N-5yc1vZbrk7?sortorder=desc&sortby=topsellers,https://images.thdstatic.com/productImages/1ba2667d-0dc4-4b85-b047-7a4660cfe8a7/svn/pressure-treated-lumber-194354-64_600.jpg,1
undefined,undefined,undefined,4-in-x-4-in-x-8-ft-2-ground-contact-pressure-treated-southern-yellow-pine-timber,undefined,undefined,undefined,undefined,undefined,undefined,undefined,undefined,undefined,undefined,undefined,undefined,undefined,https://images.thdstatic.com/productImages/c1a551bf-683f-4bac-af41-8363b6818415/svn/pressure-treated-lumber-194354-e1_600.jpg,2
undefined,undefined,undefined,4-in-x-4-in-x-8-ft-2-ground-contact-pressure-treated-southern-yellow-pine-timber,undefined,undefined,undefined,undefined,undefined,undefined,undefined,undefined,undefined,undefined,undefined,undefined,undefined,https://cf-images.us-east-1.prod.boltdns.net/v1/static/66036796001/ee084739-8c64-4e82-b1dc-78b7e614705c/aa7cfdaa-d7ea-42eb-90b4-0c87851a9690/960x540/match/image.jpg,3
undefined,undefined,undefined,4-in-x-4-in-x-8-ft-2-ground-contact-pressure-treated-southern-yellow-pine-timber,undefined,undefined,undefined,undefined,undefined,undefined,undefined,undefined,undefined,undefined,undefined,undefined,undefined,https://cf-images.us-east-1.prod.boltdns.net/v1/static/66036796001/ee084739-8c64-4e82-b1dc-78b7e614705c/aa7cfdaa-d7ea-42eb-90b4-0c87851a9690/960x540/match/image.jpg,4
undefined,undefined,undefined,4-in-x-4-in-x-8-ft-2-ground-contact-pressure-treated-southern-yellow-pine-timber,undefined,undefined,undefined,undefined,undefined,undefined,undefined,undefined,undefined,undefined,undefined,undefined,undefined,https://cf-images.us-east-1.prod.boltdns.net/v1/static/66036796001/ee084739-8c64-4e82-b1dc-78b7e614705c/aa7cfdaa-d7ea-42eb-90b4-0c87851a9690/960x540/match/image.jpg,5
undefined,undefined,undefined,4-in-x-4-in-x-8-ft-2-ground-contact-pressure-treated-southern-yellow-pine-timber,undefined,undefined,undefined,undefined,undefined,undefined,undefined,undefined,undefined,undefined,undefined,undefined,undefined,https://cf-images.us-east-1.prod.boltdns.net/v1/static/66036796001/ee084739-8c64-4e82-b1dc-78b7e614705c/aa7cfdaa-d7ea-42eb-90b4-0c87851a9690/960x540/match/image.jpg,6
"""Lumber & Composites,Fencing & Gates,Wood Fencing,Wood Fence Panels""",Outdoor Essentials,6 ft. H x 8 ft. W Pressure-Treated Pine Dog-Ear Fence Panel,6-ft-h-x-8-ft-w-pressure-treated-pine-dog-ear-fence-panel,"<div class=""sui-flex sui-flex-col sui-gap-4""><ul class=""sui-w-full sui-list-disc sui-px-6 sui-flex sui-flex-col sui-gap-2"" data-testid=""bullet-list""><li data-testid=""bullet-list-item""><span>Pressure-treated to resist termites and fungal decay</span></li><li data-testid=""bullet-list-item""><span>Panel comes pre-assembled for easy, DIY installation</span></li><li data-testid=""bullet-list-item""><span>Dog ear panel provides privacy and adds beauty to your home</span></li></ul><span class=""sui-mt-8""><h5 class=""sui-h5-bold sui-line-clamp-unset sui-text-primary"">About This Product</h5></span><p>This heavy-duty, pine fence panel features a classic dog ear design. The pre-built panel installs hassle-free. Made from pressure-treated lumber, this panel is protected against termites, fungal decay and rot. For any outdoor projects where lumber will be exposed to the elements, pressure-treated wood is a smart investment. This wood fence panel may also be painted or stained to suit your personal preferences. Please note that posts are not included with this panel.</p></div><ul class=""sui-w-full sui-list-disc sui-px-6 sui-flex sui-flex-col sui-gap-2 sui-mt-4"" data-testid=""bullet-list""><li data-testid=""bullet-list-item""><span>Limited lifetime warranty against rot and termites</span></li><li data-testid=""bullet-list-item""><span>6 ft. x 8 ft. (1 in. x 6 in. pickets)</span></li><li data-testid=""bullet-list-item""><span>Treated with MCA (Micronized copper azole)</span></li><li data-testid=""bullet-list-item""><span>Compatible with aluminum and carbon steel (Black iron) fasteners</span></li><li data-testid=""bullet-list-item""><span>Pre-assembled panel for easy installation</span></li><li data-testid=""bullet-list-item""><span>Please note that posts are not included with this panel</span></li><li data-testid=""bullet-list-item""><span>Note: product may vary by store</span></li><li data-testid=""bullet-list-item""><span><a href=""https://www.homedepot.com/b/Featured-Products-Complete-The-Project-How-to-Build-a-Fence/N-5yc1vZ2fkosv2"" target=""_blank"" style=""color:#F96302;"">Find everything you need to complete your fencing project here</a></span></li><li data-testid=""bullet-list-item""><span><br><br><center><a href=""https://www.homedepot.com/c/ah/how-to-build-a-fence/9ba683603be9fa5395fab90a485b4ce?NCNI-5&amp;searchRedirect=how+to+build+a+fence&amp;semanticToken=300r10r001220000_202010191749529517561156157_us-east4-nbxs+300r10r001220000+%3E++cnn%3A%7B0%3A0%7D+cnp%3A%7B10%3A0%7D+cnd%3A%7B4%3A0%7D+cne%3A%7B8%3A0%7D+cns%3A%7B5%3A0%7D+cnx%3A%7B3%3A0%7D+cnq%3A%7B0%3A0%7D+cnw%3A%7B0%3A0%7D+cnv%3A%7B1%3A4%7D+st%3A%7Bhow+to+build+a+fence%7D%3Ast+tgr%3A%7BNo+stage+info%7D+qu%3A%7Bhow+to+build+a+fence%7D%3Aqu"" target=""_blank""><br><br><center><img src=""https://inlinecontent.thdstatic.com/21/UNIVERSAL FOREST PRODUCT/1469352.jpg""></center><br></a></center><br></span></li><li data-testid=""bullet-list-item""><a href=""https://www.homedepot.com/c/Return_Policy"" class=""sui-font-regular sui-text-base sui-tracking-normal sui-normal-case sui-line-clamp-unset sui-text-primary focus-visible:sui-bg-focus focus-visible:sui-outline-none sui-underline"">Return Policy</a></li><li data-testid=""bullet-list-item""><div class=""sui-flex sui-flex-row""><div>California residents</div>&nbsp;<div><a class=""sui-font-regular sui-text-base sui-tracking-normal sui-normal-case sui-line-clamp-unset sui-text-primary focus-visible:sui-bg-focus focus-visible:sui-outline-none sui-underline"">see Prop 65 WARNINGS</a></div></div></li></ul><div class=""sui-flex sui-flex-col sui-gap-2 sui-my-4"" data-testid=""productInfo""><span><span>Product ID #:</span> 203733689</span><span><span>Internet #:</span> 090489252953</span><span><span>Model #:</span> 158083</span></div>",74.97,96,in,8,ft,1.5,in,130,lb,https://www.homedepot.com/p/Outdoor-Essentials-6-ft-H-x-8-ft-W-Pressure-Treated-Pine-Dog-Ear-Fence-Panel-158083/203733689,1,https://www.homedepot.com/b/Lumber-Composites-Fencing-Gates/N-5yc1vZbrk7?sortorder=desc&sortby=topsellers,https://images.thdstatic.com/productImages/cdaabe7f-47c5-4e35-85b5-10a5c4fdad38/svn/wood-outdoor-essentials-wood-fence-panels-158083-64_600.jpg,1
undefined,undefined,undefined,6-ft-h-x-8-ft-w-pressure-treated-pine-dog-ear-fence-panel,undefined,undefined,undefined,undefined,undefined,undefined,undefined,undefined,undefined,undefined,undefined,undefined,undefined,https://images.thdstatic.com/productImages/a490e4f6-318a-470a-9c87-907d2c4e6a89/svn/wood-outdoor-essentials-wood-fence-panels-158083-e1_600.jpg,2
undefined,undefined,undefined,6-ft-h-x-8-ft-w-pressure-treated-pine-dog-ear-fence-panel,undefined,undefined,undefined,undefined,undefined,undefined,undefined,undefined,undefined,undefined,undefined,undefined,undefined,https://cf-images.us-east-1.prod.boltdns.net/v1/jit/1834613806001/2265eecc-affd-4dac-b512-223853afe4dd/main/1280x720/1m12s330ms/match/image.jpg?pubId=66036796001,3
undefined,undefined,undefined,6-ft-h-x-8-ft-w-pressure-treated-pine-dog-ear-fence-panel,undefined,undefined,undefined,undefined,undefined,undefined,undefined,undefined,undefined,undefined,undefined,undefined,undefined,https://cf-images.us-east-1.prod.boltdns.net/v1/jit/1834613806001/2265eecc-affd-4dac-b512-223853afe4dd/main/1280x720/1m12s330ms/match/image.jpg?pubId=66036796001,4
undefined,undefined,undefined,6-ft-h-x-8-ft-w-pressure-treated-pine-dog-ear-fence-panel,undefined,undefined,undefined,undefined,undefined,undefined,undefined,undefined,undefined,undefined,undefined,undefined,undefined,https://cf-images.us-east-1.prod.boltdns.net/v1/jit/1834613806001/2265eecc-affd-4dac-b512-223853afe4dd/main/1280x720/1m12s330ms/match/image.jpg?pubId=66036796001,5
undefined,undefined,undefined,6-ft-h-x-8-ft-w-pressure-treated-pine-dog-ear-fence-panel,undefined,undefined,undefined,undefined,undefined,undefined,undefined,undefined,undefined,undefined,undefined,undefined,undefined,https://cf-images.us-east-1.prod.boltdns.net/v1/jit/1834613806001/2265eecc-affd-4dac-b512-223853afe4dd/main/1280x720/1m12s330ms/match/image.jpg?pubId=66036796001,6
"""Lumber & Composites,Decking,Deck Posts,Wood Deck Posts""",Unbranded,4 in. x 4 in. x 10 ft. #2 Ground Contact Pressure-Treated Timber,4-in-x-4-in-x-10-ft-2-ground-contact-pressure-treated-timber,"<div class=""sui-flex sui-flex-col sui-gap-4""><ul class=""sui-w-full sui-list-disc sui-px-6 sui-flex sui-flex-col sui-gap-2"" data-testid=""bullet-list""><li data-testid=""bullet-list-item""><span>2X the protection compared to Above Ground treatment</span></li><li data-testid=""bullet-list-item""><span>Treated for protection against fungal decay, rot and termites</span></li><li data-testid=""bullet-list-item""><span>Ideal for decks, walkways, landscaping and other outdoor projects</span></li></ul><span class=""sui-mt-8""><h5 class=""sui-h5-bold sui-line-clamp-unset sui-text-primary"">About This Product</h5></span><p>Pressure treated timbers are treated for protection against termites and rot. Ideal for a variety of applications including decks, play sets, landscaping and other outdoor projects where lumber is exposed to the elements. This timber can also be painted or stained. When used properly it is both safe and environmentally friendly.Treated wood is typically still wet when it's delivered to The Home Depot or job site. As it dries, you should expect slight changes in width and length. As lumber dries, it may split, cup and warp. This is more likely to occur to occur in lower-grade boards, where knots and uneven grains are already present. Each piece of lumber is unique and carries physical characteristics that may include the following: knots, warping, shrinkage, swelling and/or splitting.</p></div><ul class=""sui-w-full sui-list-disc sui-px-6 sui-flex sui-flex-col sui-gap-2 sui-mt-4"" data-testid=""bullet-list""><li data-testid=""bullet-list-item""><span>Made of southern yellow pine</span></li><li data-testid=""bullet-list-item""><span>For ground contact use</span></li><li data-testid=""bullet-list-item""><span>Limited lifetime warranty</span></li><li data-testid=""bullet-list-item""><span>4 in. x 4 in. x 10 ft.</span></li><li data-testid=""bullet-list-item""><span>Pressure-treated for long life</span></li><li data-testid=""bullet-list-item""><span>No two pieces of lumber are the same.</span></li><li data-testid=""bullet-list-item""><span>Color, grain pattern and texture will vary as well.</span></li><li data-testid=""bullet-list-item""><span>Use #2 grade lumber when both appearance is not the most important to you project.</span></li><li data-testid=""bullet-list-item""><span>May have wane (bark edge) on corners</span></li><li data-testid=""bullet-list-item""><span>Use #2 grade lumber when strength is the main feature you are looking for on your project.</span></li><li data-testid=""bullet-list-item""><span><a href=""https://www.homedepot.com/b/Featured-Products-Complete-the-Project-Decking/N-5yc1vZ2fkotch"" target=""_blank"" style=""color:#F96302;"">Find everything you need to complete your decking project here</a></span></li><li data-testid=""bullet-list-item""><span>Note: Product may vary by store.</span></li><li data-testid=""bullet-list-item""><a href=""https://www.homedepot.com/c/Return_Policy"" class=""sui-font-regular sui-text-base sui-tracking-normal sui-normal-case sui-line-clamp-unset sui-text-primary focus-visible:sui-bg-focus focus-visible:sui-outline-none sui-underline"">Return Policy</a></li><li data-testid=""bullet-list-item""><div class=""sui-flex sui-flex-row""><div>California residents</div>&nbsp;<div><a class=""sui-font-regular sui-text-base sui-tracking-normal sui-normal-case sui-line-clamp-unset sui-text-primary focus-visible:sui-bg-focus focus-visible:sui-outline-none sui-underline"">see Prop 65 WARNINGS</a></div></div></li></ul><div class=""sui-flex sui-flex-col sui-gap-2 sui-my-4"" data-testid=""productInfo""><span><span>Product ID #:</span> 301913694</span><span><span>Internet #:</span> 090489531133</span><span><span>Model #:</span> 288741</span></div>",14.08,10,ft,3.5,in,3.5,in,,undefined,https://www.homedepot.com/p/4-in-x-4-in-x-10-ft-2-Ground-Contact-Pressure-Treated-Timber-288741/301913694,1,https://www.homedepot.com/b/Lumber-Composites-Fencing-Gates/N-5yc1vZbrk7?sortorder=desc&sortby=topsellers,https://images.thdstatic.com/productImages/4b448901-081e-49af-97ef-0b20538268e2/svn/pressure-treated-lumber-288741-64_600.jpg,1
undefined,undefined,undefined,4-in-x-4-in-x-10-ft-2-ground-contact-pressure-treated-timber,undefined,undefined,undefined,undefined,undefined,undefined,undefined,undefined,undefined,undefined,undefined,undefined,undefined,https://images.thdstatic.com/productImages/59fdaa05-451b-42dc-850d-82ecf4de79e0/svn/pressure-treated-lumber-288741-c3_600.jpg,2
undefined,undefined,undefined,4-in-x-4-in-x-10-ft-2-ground-contact-pressure-treated-timber,undefined,undefined,undefined,undefined,undefined,undefined,undefined,undefined,undefined,undefined,undefined,undefined,undefined,https://cf-images.us-east-1.prod.boltdns.net/v1/static/66036796001/ee084739-8c64-4e82-b1dc-78b7e614705c/aa7cfdaa-d7ea-42eb-90b4-0c87851a9690/960x540/match/image.jpg,3
undefined,undefined,undefined,4-in-x-4-in-x-10-ft-2-ground-contact-pressure-treated-timber,undefined,undefined,undefined,undefined,undefined,undefined,undefined,undefined,undefined,undefined,undefined,undefined,undefined,https://cf-images.us-east-1.prod.boltdns.net/v1/static/66036796001/ee084739-8c64-4e82-b1dc-78b7e614705c/aa7cfdaa-d7ea-42eb-90b4-0c87851a9690/960x540/match/image.jpg,4
undefined,undefined,undefined,4-in-x-4-in-x-10-ft-2-ground-contact-pressure-treated-timber,undefined,undefined,undefined,undefined,undefined,undefined,undefined,undefined,undefined,undefined,undefined,undefined,undefined,https://cf-images.us-east-1.prod.boltdns.net/v1/static/66036796001/ee084739-8c64-4e82-b1dc-78b7e614705c/aa7cfdaa-d7ea-42eb-90b4-0c87851a9690/960x540/match/image.jpg,5
undefined,undefined,undefined,4-in-x-4-in-x-10-ft-2-ground-contact-pressure-treated-timber,undefined,undefined,undefined,undefined,undefined,undefined,undefined,undefined,undefined,undefined,undefined,undefined,undefined,https://cf-images.us-east-1.prod.boltdns.net/v1/static/66036796001/ee084739-8c64-4e82-b1dc-78b7e614705c/aa7cfdaa-d7ea-42eb-90b4-0c87851a9690/960x540/match/image.jpg,6
"""Lumber & Composites,Fencing & Gates,Fence Gate Parts,T-Posts & U-Posts""",Everbilt,1-3/4 in. x 3-1/2 in. x 6 ft. Green Steel Fence T-Post with Anchor Plate,1-34-in-x-3-12-in-x-6-ft-green-steel-fence-t-post-with-anchor-plate,"<div class=""sui-flex sui-flex-col sui-gap-4""><ul class=""sui-w-full sui-list-disc sui-px-6 sui-flex sui-flex-col sui-gap-2"" data-testid=""bullet-list""><li data-testid=""bullet-list-item""><span>Easily driven and inserted into the ground</span></li><li data-testid=""bullet-list-item""><span>Enamal coating defends against rusts and outdoor elements</span></li><li data-testid=""bullet-list-item""><span>Studded design secures fencing fabric in place</span></li></ul><span class=""sui-mt-8""><h5 class=""sui-h5-bold sui-line-clamp-unset sui-text-primary"">About This Product</h5></span><p>Everbilt Studded Steel T-Post adds durability and strength to fencing on rural, commercial and residential fence projects. The studded T-Post measures 1-3/4 in. x 3-1/2 in. and has a total length of 6 ft. When the anchor plate is totally buried in the ground, the post has an above ground height of 4 ft. The tightly welded plate also helps to minimize sideways or rotational movement of the post. The studded design of this steel fence post is strong and secures a variety of fence fabrics to the post. It also prevents T-Post clips and insulators (not included) from slipping. The posts are sometimes referred to as Y-Posts. They are made of rail steel with two layers of protective enamel and a prime coat finish for maximum rust protection. No dig installation is made even easier by using the Everbilt Metal Fence Post Driver (Model 901147EB) to pound posts into the ground.</p></div><ul class=""sui-w-full sui-list-disc sui-px-6 sui-flex sui-flex-col sui-gap-2 sui-mt-4"" data-testid=""bullet-list""><li data-testid=""bullet-list-item""><span>Steel fence post that supports wire fencing</span></li><li data-testid=""bullet-list-item""><span>Studded design secures fencing fabric</span></li><li data-testid=""bullet-list-item""><span>Green enamel coating holds up to the elements and prevents rust</span></li><li data-testid=""bullet-list-item""><span>Made from rail steel for maximum strength and durability</span></li><li data-testid=""bullet-list-item""><span>Anchor plate minimizes sideway or rotational movement of the T-Post</span></li><li data-testid=""bullet-list-item""><span>1-3/4 in. x 3-1/2 in. x 6 ft. tall</span></li><li data-testid=""bullet-list-item""><span>Exceeds ASTM A702A on tensile strength, ASTM A702 on hardness and elongation</span></li><li data-testid=""bullet-list-item""><a href=""https://www.homedepot.com/c/Return_Policy"" class=""sui-font-regular sui-text-base sui-tracking-normal sui-normal-case sui-line-clamp-unset sui-text-primary focus-visible:sui-bg-focus focus-visible:sui-outline-none sui-underline"">Return Policy</a></li><li data-testid=""bullet-list-item""><div class=""sui-flex sui-flex-row""><div>California residents</div>&nbsp;<div><a class=""sui-font-regular sui-text-base sui-tracking-normal sui-normal-case sui-line-clamp-unset sui-text-primary focus-visible:sui-bg-focus focus-visible:sui-outline-none sui-underline"">see Prop 65 WARNINGS</a></div></div></li></ul><div class=""sui-flex sui-flex-col sui-gap-2 sui-my-4"" data-testid=""productInfo""><span><span>Product ID #:</span> 205960892</span><span><span>Internet #:</span> 099713049062</span><span><span>Model #:</span> 901176EB</span></div>",7.64,,undefined,3.5,in,1.75,in,7.5,lb,https://www.homedepot.com/p/Everbilt-1-3-4-in-x-3-1-2-in-x-6-ft-Green-Steel-Fence-T-Post-with-Anchor-Plate-901176EB/205960892,1,https://www.homedepot.com/b/Lumber-Composites-Fencing-Gates/N-5yc1vZbrk7?sortorder=desc&sortby=topsellers,https://images.thdstatic.com/productImages/6afc62c4-9591-4aa6-ba92-ad20bca9f417/svn/green-everbilt-t-posts-u-posts-901176eb-64_600.jpg,1
undefined,undefined,undefined,1-34-in-x-3-12-in-x-6-ft-green-steel-fence-t-post-with-anchor-plate,undefined,undefined,undefined,undefined,undefined,undefined,undefined,undefined,undefined,undefined,undefined,undefined,undefined,https://images.thdstatic.com/productImages/3ff9d210-4c60-4085-abfe-cbe78a3809b1/svn/green-everbilt-t-posts-u-posts-901176eb-e1_600.jpg,2
undefined,undefined,undefined,1-34-in-x-3-12-in-x-6-ft-green-steel-fence-t-post-with-anchor-plate,undefined,undefined,undefined,undefined,undefined,undefined,undefined,undefined,undefined,undefined,undefined,undefined,undefined,https://cf-images.us-east-1.prod.boltdns.net/v1/static/1834613806001/14078f89-e4ae-41de-8d40-4a1b0b5df0a8/bb05a153-e902-4085-980a-0daea708b0ab/1280x720/match/image.jpg?pubId=66036796001,3
undefined,undefined,undefined,1-34-in-x-3-12-in-x-6-ft-green-steel-fence-t-post-with-anchor-plate,undefined,undefined,undefined,undefined,undefined,undefined,undefined,undefined,undefined,undefined,undefined,undefined,undefined,https://cf-images.us-east-1.prod.boltdns.net/v1/static/1834613806001/14078f89-e4ae-41de-8d40-4a1b0b5df0a8/bb05a153-e902-4085-980a-0daea708b0ab/1280x720/match/image.jpg?pubId=66036796001,4
undefined,undefined,undefined,1-34-in-x-3-12-in-x-6-ft-green-steel-fence-t-post-with-anchor-plate,undefined,undefined,undefined,undefined,undefined,undefined,undefined,undefined,undefined,undefined,undefined,undefined,undefined,https://cf-images.us-east-1.prod.boltdns.net/v1/static/1834613806001/14078f89-e4ae-41de-8d40-4a1b0b5df0a8/bb05a153-e902-4085-980a-0daea708b0ab/1280x720/match/image.jpg?pubId=66036796001,5
undefined,undefined,undefined,1-34-in-x-3-12-in-x-6-ft-green-steel-fence-t-post-with-anchor-plate,undefined,undefined,undefined,undefined,undefined,undefined,undefined,undefined,undefined,undefined,undefined,undefined,undefined,https://cf-images.us-east-1.prod.boltdns.net/v1/static/1834613806001/14078f89-e4ae-41de-8d40-4a1b0b5df0a8/bb05a153-e902-4085-980a-0daea708b0ab/1280x720/match/image.jpg?pubId=66036796001,6
"""Lumber & Composites,Fencing & Gates,Welded Wire Fencing""",Everbilt,4 ft. x 100 ft. Steel Welded Wire,4-ft-x-100-ft-steel-welded-wire,"<div class=""sui-flex sui-flex-col sui-gap-4""><ul class=""sui-w-full sui-list-disc sui-px-6 sui-flex sui-flex-col sui-gap-2"" data-testid=""bullet-list""><li data-testid=""bullet-list-item""><span>14-Gauge galvanized steel welded wire</span></li><li data-testid=""bullet-list-item""><span>Galvanized steel welded wire with 2 in. x 4 in. mesh</span></li><li data-testid=""bullet-list-item""><span>Welded Wire used to protect garden, livestock and much more</span></li></ul><span class=""sui-mt-8""><h5 class=""sui-h5-bold sui-line-clamp-unset sui-text-primary"">About This Product</h5></span><p>EVERBILT 4 ft. x 100 ft. Steel Welded Wire will add security to your properties while maintaining visibility. Everbilt welded wire mesh fence rolls are versatile. With a wide variety of applications, use these welded wire mesh products as perimeter fencing, property delineation, garden fencing, split rail fence backings, and more. Maintain your curb appeal while adding functionality with welded wire fencing.Constructed from galvanized steel, Everbilt welded wire fencing is corrosion resistant and is dependable for extended use. This galvanized fence is easy to assemble and provides maximum protection strength. T-posts (not included) are recommended every 5 ft. for fencing applications for an effective fencing style.</p></div><ul class=""sui-w-full sui-list-disc sui-px-6 sui-flex sui-flex-col sui-gap-2 sui-mt-4"" data-testid=""bullet-list""><li data-testid=""bullet-list-item""><span>Made of 14-Gauge galvanized steel</span></li><li data-testid=""bullet-list-item""><span>Zinc coating resists rusting and provides multiple season use</span></li><li data-testid=""bullet-list-item""><span>2 in. W x 4 in. H mesh pattern</span></li><li data-testid=""bullet-list-item""><span>Roll of wire is 4 ft. high and 1 ft. long</span></li><li data-testid=""bullet-list-item""><span>Used for a variety of applications, including property delineation, garden protection, or backing for split rail fences</span></li><li data-testid=""bullet-list-item""><span>Recommended with use of U-posts (not included) with a suggested space of every 5 to 1 ft. apart and 1 ft. in the ground</span></li><li data-testid=""bullet-list-item""><span>Interested in purchasing a pallet? Purchase 3</span></li><li data-testid=""bullet-list-item""><a href=""https://www.homedepot.com/c/Return_Policy"" class=""sui-font-regular sui-text-base sui-tracking-normal sui-normal-case sui-line-clamp-unset sui-text-primary focus-visible:sui-bg-focus focus-visible:sui-outline-none sui-underline"">Return Policy</a></li><li data-testid=""bullet-list-item""><div class=""sui-flex sui-flex-row""><div>California residents</div>&nbsp;<div><a class=""sui-font-regular sui-text-base sui-tracking-normal sui-normal-case sui-line-clamp-unset sui-text-primary focus-visible:sui-bg-focus focus-visible:sui-outline-none sui-underline"">see Prop 65 WARNINGS</a></div></div></li></ul><div class=""sui-flex sui-flex-col sui-gap-2 sui-my-4"" data-testid=""productInfo""><span><span>Product ID #:</span> 205960859</span><span><span>Internet #:</span> 099713048720</span><span><span>Model #:</span> 308312EB</span></div>",109,100,ft,,undefined,1,in,54.5,lb,https://www.homedepot.com/p/Everbilt-4-ft-x-100-ft-Steel-Welded-Wire-308312EB/205960859,1,https://www.homedepot.com/b/Lumber-Composites-Fencing-Gates/N-5yc1vZbrk7?sortorder=desc&sortby=topsellers,https://images.thdstatic.com/productImages/323f6ce2-d16b-4911-a553-33695592e24d/svn/everbilt-welded-wire-fencing-308312eb-64_600.jpg,1
undefined,undefined,undefined,4-ft-x-100-ft-steel-welded-wire,undefined,undefined,undefined,undefined,undefined,undefined,undefined,undefined,undefined,undefined,undefined,undefined,undefined,https://images.thdstatic.com/productImages/4de4d7c0-94ac-4c85-9fea-816465a47d56/svn/everbilt-welded-wire-fencing-308312eb-c3_600.jpg,2
undefined,undefined,undefined,4-ft-x-100-ft-steel-welded-wire,undefined,undefined,undefined,undefined,undefined,undefined,undefined,undefined,undefined,undefined,undefined,undefined,undefined,https://cf-images.us-east-1.prod.boltdns.net/v1/static/1834613806001/08b455ed-764f-4988-89b3-84ecdcb2d7b0/7b9ae181-1715-4e76-97fd-467cbcbb7da0/1280x720/match/image.jpg?pubId=66036796001,3
undefined,undefined,undefined,4-ft-x-100-ft-steel-welded-wire,undefined,undefined,undefined,undefined,undefined,undefined,undefined,undefined,undefined,undefined,undefined,undefined,undefined,https://cf-images.us-east-1.prod.boltdns.net/v1/static/1834613806001/08b455ed-764f-4988-89b3-84ecdcb2d7b0/7b9ae181-1715-4e76-97fd-467cbcbb7da0/1280x720/match/image.jpg?pubId=66036796001,4
undefined,undefined,undefined,4-ft-x-100-ft-steel-welded-wire,undefined,undefined,undefined,undefined,undefined,undefined,undefined,undefined,undefined,undefined,undefined,undefined,undefined,https://cf-images.us-east-1.prod.boltdns.net/v1/static/1834613806001/08b455ed-764f-4988-89b3-84ecdcb2d7b0/7b9ae181-1715-4e76-97fd-467cbcbb7da0/1280x720/match/image.jpg?pubId=66036796001,5
undefined,undefined,undefined,4-ft-x-100-ft-steel-welded-wire,undefined,undefined,undefined,undefined,undefined,undefined,undefined,undefined,undefined,undefined,undefined,undefined,undefined,https://cf-images.us-east-1.prod.boltdns.net/v1/static/1834613806001/08b455ed-764f-4988-89b3-84ecdcb2d7b0/7b9ae181-1715-4e76-97fd-467cbcbb7da0/1280x720/match/image.jpg?pubId=66036796001,6
